<?xml version="1.0" encoding="UTF-8"?>
<project-private xmlns="http://www.netbeans.org/ns/project-private/1">
    <editor-bookmarks xmlns="http://www.netbeans.org/ns/editor-bookmarks/2" lastBookmarkId="0"/>
    <open-files xmlns="http://www.netbeans.org/ns/projectui-open-files/2">
        <group name="IPC"/>
        <group>
            <file>file:/W:/IPC/POI_UPV/src/poiupv/Utils.java</file>
            <file>file:/W:/IPC/POI_UPV/src/poiupv/Poi.java</file>
            <file>file:/W:/IPC/POI_UPV/src/poiupv/FXML_mapaController.java</file>
        </group>
    </open-files>
</project-private>
